,title,linkJobs,jobType,proposals,skillset,budget
0,Enabling in Web Scraping with Python via hands-on projects,https://www.upwork.com/jobs/Enabling-Web-Scraping-with-Python-via-hands-projects_~0111aeeac934dde42a/,Hourly,Less than 5,"['Selenium', 'Automation', 'Python Script', 'Data Extraction', 'API', 'Scrapy', 'Business with 1-9 Employees', 'Web Crawling', 'Web Scraping', 'Python', 'Lead Generation', 'Data Mining', 'Data Scraping']",unknown
1,Create application for autoquiz solver,https://www.upwork.com/jobs/Create-application-for-autoquiz-solver_~01ba1a2ed42031c7a3/,Fixed-price,5 to 10,"['Software Design', 'Desktop Application', 'Standalone Application']","
        $800
      "
2,Build web crawler using Puppeteer and Python,https://www.upwork.com/jobs/Build-web-crawler-using-Puppeteer-and-Python_~01dfbccee3867091c8/,Fixed-price,10 to 15,"['Selenium', 'Automation', 'Python', 'Data Scraping', 'Web Crawling']","
        $300
      "
3,Java  JUnit and Selenium  project ,https://www.upwork.com/jobs/Java-JUnit-and-span-Selenium-span-project_~01295bf0024234f46f/,Fixed-price,10 to 15,"['Selenium', 'Selenium WebDriver', 'Java', 'Automated Testing', 'JUnit']","
        $100
      "
4,Build an arbitrage bot on the Ethereum block chain,https://www.upwork.com/jobs/Build-arbitrage-bot-the-Ethereum-block-chain_~010e02d43b8fe04a45/,Hourly,5 to 10,"['Browser Automation', 'Selenium', 'Automation', 'Data Scraping', 'Python', 'Node.js', 'Artificial Intelligence', 'Solidity', 'web3.js', 'MongoDB', 'Blockchain Development', 'DApps', 'Blockchain', 'Software Development', 'Blockchain, NFT & Cryptocurrency']",unknown
5,Custom Data Extraction/Scraping from Sports book ,https://www.upwork.com/jobs/Custom-Data-Extraction-Scraping-from-Sports-book_~019ab9a82ddc3e5a82/,Hourly,10 to 15,"['Selenium', 'Automation', 'Database Architecture', 'OCR Algorithm', 'Dashboard', 'Bot Development', 'ETL', 'Data Scraping', 'Chatbot Development', 'Spring Framework', 'Data Extraction', 'Scrapy', 'Web Crawling', 'Java', 'Python']",unknown
6,Need web scraping and Amazon api expert ,https://www.upwork.com/jobs/Need-web-scraping-and-Amazon-api-expert_~016d3491df57e539fc/,Hourly,5 to 10,"['Selenium', 'Automation', 'Data Extraction', 'Screen Scraping', 'Web Scraping', 'Beautiful Soup', 'Data Scraping', 'Python', 'API', 'Scrapy']",$5-$10
7,Python Programme Code and Microsoft Excel Macros,https://www.upwork.com/jobs/Python-Programme-Code-and-Microsoft-Excel-Macros_~018f946cd013de7cd2/,Fixed-price,10 to 15,"['Selenium', 'Microsoft Excel', 'Visual Basic for Applications', 'Python', 'pandas']","
        $60
      "
8,Create Photoshop Plugin with Licensing Key,https://www.upwork.com/jobs/Create-Photoshop-Plugin-with-Licensing-Key_~010484cc74b70d062a/,Fixed-price,5 to 10,"['Automation', 'Selenium', 'Dashboard', 'Python', 'PHP', 'JavaScript', 'Adobe Photoshop']","
        $400
      "
9,Build Python Program (Pandas - API - Storage - Logging),https://www.upwork.com/jobs/Build-Python-Program-Pandas-API-Storage-Logging_~01f543e16d1b716305/,Hourly,20 to 50,"['Automation', 'API Integration', 'Scripting', 'Google Sheets', 'Python', 'Python Script', 'API', 'pandas']",$20-$42
10,Build Python Program (Pandas - API - Storage - Logging),https://www.upwork.com/jobs/Build-Python-Program-Pandas-API-Storage-Logging_~01f543e16d1b716305/,Hourly,20 to 50,"['Automation', 'API Integration', 'Scripting', 'Google Sheets', 'Python', 'Python Script', 'API', 'pandas']",$20-$42
11,Dating Automation,https://www.upwork.com/jobs/Dating-span-Automation-span_~0175fe2bc1af410426/,Hourly,5 to 10,"['Selenium', 'Python']",unknown
12,Write a simple Pine Script Indicator script for me on Tradingview.com,https://www.upwork.com/jobs/Write-simple-Pine-Script-Indicator-script-for-Tradingview-com_~0156b5fe7759edc43d/,Fixed-price,5 to 10,"['Selenium', 'Scripting', 'cTrader', 'Forex Trading', 'Google Apps Script', 'MetaTrader 4', 'MetaTrader 5', 'NinjaTrader', 'StormCrawler', 'Scrapy', 'Apache Nutch', 'Beautiful Soup', 'JavaScript', 'PHP', 'Python', 'AppleScript', 'Bash', 'Perl', 'XML', 'Microsoft Windows Powershell', 'Visual Basic for Applications']","
        $20
      "
13,Social Media Python Automation Project,https://www.upwork.com/jobs/Social-Media-Python-span-Automation-span-Project_~017d7aab8990daf9bb/,Fixed-price,10 to 15,"['Automation', 'Selenium', 'Python', 'Data Scraping', 'Data Mining', 'Scripting']","
        $150
      "
14,Fix my mouse recorder macro selenium python,https://www.upwork.com/jobs/Fix-mouse-recorder-macro-span-selenium-span-python_~011d7cf83ee608f3d0/,Fixed-price,5 to 10,"['Selenium', 'Selenium WebDriver', 'Automation', 'Web Crawling', 'Python', 'Scripting']","
        $30
      "
15,"Web3,python,scripts,bots",https://www.upwork.com/jobs/Web3-python-scripts-bots_~01de4a4db924460a17/,Fixed-price,Less than 5,"['Automation', 'Selenium', 'Python', 'Scripting', 'Python Script', 'JavaScript', 'API', 'Node.js', 'Bot Development']","
        $5
      "
16,Scraper,https://www.upwork.com/jobs/Scraper_~014f4bbc695d2f1a93/,Hourly,5 to 10,"['Browser Automation', 'Selenium', 'Data Mining', 'Web Crawling', 'Web Scraping Plugin', 'Data Extraction', 'Python', 'Web Scraping', 'Data Scraping', 'Web Crawler', 'Python Script', 'Web Scraping Framework', 'Screen Scraping', 'Scraper Site', 'Web Scraping Software']",unknown
17,Scraping information from tax fee disclosures,https://www.upwork.com/jobs/Scraping-information-from-tax-fee-disclosures_~019d604bbd38a837f8/,Hourly,5 to 10,"['Browser Automation', 'Selenium', 'Scrapy', 'Beautiful Soup', 'Data Mining', 'Web Proxy', 'Scripts & Utilities', 'Data Scraping', 'MongoDB', 'Python-Requests', 'Data Extraction', 'Python']",unknown
18,"Automate Python login, data extract and write to a .csv",https://www.upwork.com/jobs/span-Automate-span-Python-login-data-extract-and-write-csv_~0129a63e6d2f6a74f1/,Hourly,15 to 20,"['Selenium', 'Automation', 'Python', 'Scrapy', 'Python-Requests', 'Database', 'Ruby', 'SQL', 'SQLAlchemy', 'Flask', 'Python Script', 'API', 'Web Crawling', 'pandas']",unknown
19,Automation Engineer - Dating App Bot and Web Data Scraping,https://www.upwork.com/jobs/span-Automation-span-Engineer-Dating-App-Bot-and-Web-Data-Scraping_~01001b89854f924b1f/,Hourly,5 to 10,"['Automation', 'Selenium', 'Web Crawling', 'Python', 'API', 'PHP']",$8-$35
20,Build Python Program (Pandas - API - Storage - Logging),https://www.upwork.com/jobs/Build-Python-Program-Pandas-API-Storage-Logging_~01f543e16d1b716305/,Hourly,20 to 50,"['Automation', 'API Integration', 'Scripting', 'Google Sheets', 'Python', 'Python Script', 'API', 'pandas']",$20-$42
21,Dating Automation,https://www.upwork.com/jobs/Dating-span-Automation-span_~0175fe2bc1af410426/,Hourly,5 to 10,"['Selenium', 'Python']",unknown
22,Write a simple Pine Script Indicator script for me on Tradingview.com,https://www.upwork.com/jobs/Write-simple-Pine-Script-Indicator-script-for-Tradingview-com_~0156b5fe7759edc43d/,Fixed-price,5 to 10,"['Selenium', 'Scripting', 'cTrader', 'Forex Trading', 'Google Apps Script', 'MetaTrader 4', 'MetaTrader 5', 'NinjaTrader', 'StormCrawler', 'Scrapy', 'Apache Nutch', 'Beautiful Soup', 'JavaScript', 'PHP', 'Python', 'AppleScript', 'Bash', 'Perl', 'XML', 'Microsoft Windows Powershell', 'Visual Basic for Applications']","
        $20
      "
23,Social Media Python Automation Project,https://www.upwork.com/jobs/Social-Media-Python-span-Automation-span-Project_~017d7aab8990daf9bb/,Fixed-price,10 to 15,"['Automation', 'Selenium', 'Python', 'Data Scraping', 'Data Mining', 'Scripting']","
        $150
      "
24,Fix my mouse recorder macro selenium python,https://www.upwork.com/jobs/Fix-mouse-recorder-macro-span-selenium-span-python_~011d7cf83ee608f3d0/,Fixed-price,5 to 10,"['Selenium', 'Selenium WebDriver', 'Automation', 'Web Crawling', 'Python', 'Scripting']","
        $30
      "
25,"Web3,python,scripts,bots",https://www.upwork.com/jobs/Web3-python-scripts-bots_~01de4a4db924460a17/,Fixed-price,Less than 5,"['Automation', 'Selenium', 'Python', 'Scripting', 'Python Script', 'JavaScript', 'API', 'Node.js', 'Bot Development']","
        $5
      "
26,Scraper,https://www.upwork.com/jobs/Scraper_~014f4bbc695d2f1a93/,Hourly,5 to 10,"['Browser Automation', 'Selenium', 'Data Mining', 'Web Crawling', 'Web Scraping Plugin', 'Data Extraction', 'Python', 'Web Scraping', 'Data Scraping', 'Web Crawler', 'Python Script', 'Web Scraping Framework', 'Screen Scraping', 'Scraper Site', 'Web Scraping Software']",unknown
27,Scraping information from tax fee disclosures,https://www.upwork.com/jobs/Scraping-information-from-tax-fee-disclosures_~019d604bbd38a837f8/,Hourly,5 to 10,"['Browser Automation', 'Selenium', 'Scrapy', 'Beautiful Soup', 'Data Mining', 'Web Proxy', 'Scripts & Utilities', 'Data Scraping', 'MongoDB', 'Python-Requests', 'Data Extraction', 'Python']",unknown
28,"Automate Python login, data extract and write to a .csv",https://www.upwork.com/jobs/span-Automate-span-Python-login-data-extract-and-write-csv_~0129a63e6d2f6a74f1/,Hourly,15 to 20,"['Selenium', 'Automation', 'Python', 'Scrapy', 'Python-Requests', 'Database', 'Ruby', 'SQL', 'SQLAlchemy', 'Flask', 'Python Script', 'API', 'Web Crawling', 'pandas']",unknown
29,Automation Engineer - Dating App Bot and Web Data Scraping,https://www.upwork.com/jobs/span-Automation-span-Engineer-Dating-App-Bot-and-Web-Data-Scraping_~01001b89854f924b1f/,Hourly,5 to 10,"['Automation', 'Selenium', 'Web Crawling', 'Python', 'API', 'PHP']",$8-$35
30,Looking for - API Automation Tester resources,https://www.upwork.com/jobs/Looking-for-API-span-Automation-span-Tester-resources_~01978a8a0a90678027/,Fixed-price,5 to 10,[],"
        $10,000
      "
31,Click bot,https://www.upwork.com/jobs/Click-bot_~01a69f0f228e0c1d19/,Hourly,10 to 15,"['Selenium', 'Selenium WebDriver', 'Automation', 'Python', 'Data Scraping', 'Bot Development', 'Scripts & Utilities', 'Data Extraction', 'Ethereum', 'Smart Contract', 'Ethereum Network', 'API']",unknown
32,Python3 Scripting Developer,https://www.upwork.com/jobs/Python3-Scripting-Developer_~017f576818c8737f10/,Hourly,20 to 50,"['Selenium', 'Python', 'Python Script']",$15-$25
33,Data scrape,https://www.upwork.com/jobs/Data-scrape_~015399b1601dcdfbf6/,Hourly,10 to 15,"['Automation', 'Selenium', 'Web Scraping Framework', 'Data Extraction', 'Web Crawling', 'Scrapy', 'Scripting', 'Bot Development', 'Google Maps API', 'Web Scraping', 'Python', 'Data Scraping', 'Data Mining', 'Lead Generation']",unknown
34,Build a Python Web Scraper,https://www.upwork.com/jobs/Build-Python-Web-Scraper_~01fc555945e65977aa/,Fixed-price,10 to 15,"['Selenium', 'Python', 'Data Scraping', 'Scrapy', 'Web Crawling']","
        $30
      "
35,Python Developer,https://www.upwork.com/jobs/Python-Developer_~014ed475b4a7f01dcf/,Hourly,20 to 50,"['Selenium', 'Flask', 'Scrapy', 'SQL', 'Beautiful Soup']",$8-$12
36,Automated test engineer with GitHub Action skills,https://www.upwork.com/jobs/span-Automated-span-test-engineer-with-GitHub-Action-skills_~0184c1e71d1060f7fd/,Hourly,5 to 10,"['Web Testing', 'End-to-End Testing', 'Automated Testing', 'GitHub', 'Continuous Integration']",$10-$25
37,Middle+\Senior Salesforce AQA,https://www.upwork.com/jobs/Middle-Senior-Salesforce-AQA_~01982dcba4cedf2816/,Hourly,10 to 15,"['Selenium', 'Python', 'Salesforce CRM', 'Automated Testing', 'Scrum']",$10-$25
38,Full Stack experienced with Mobile & Web,https://www.upwork.com/jobs/Full-Stack-experienced-with-Mobile-amp-Web_~01f0678bd0a3f9ea7f/,Hourly,20 to 50,"['Selenium', 'Selenium WebDriver', 'Laravel', 'NGINX', 'MERN Stack', 'CMS Development', 'API Development']",$25-$75
39,Need help to bypass antibot system with selenium,https://www.upwork.com/jobs/Need-help-bypass-antibot-system-with-span-selenium-span_~01e16aafb66c7439de/,Hourly,15 to 20,"['Selenium', 'Automation', 'Selenium WebDriver', 'Data Extraction', 'Bot Development', 'Web Crawling', 'Data Scraping', 'Python', 'LivePerson']",$20-$50
40,FInish python bot,https://www.upwork.com/jobs/FInish-python-bot_~01e55be45fb845ff34/,Fixed-price,5 to 10,"['Automation', 'Selenium', 'Python', 'Data Scraping', 'Python Script', 'Bot Development']","
        $200
      "
41,Python Script fix ,https://www.upwork.com/jobs/Python-Script-fix_~012610cee232b52e2d/,Fixed-price,5 to 10,"['Automation', 'Selenium', 'Python', 'Scripting']","
        $100
      "
42,Fix my python script (web mouse movement and click macro uses background threads and proxies,https://www.upwork.com/jobs/Fix-python-script-web-mouse-movement-and-click-macro-uses-background-threads-and-proxies_~012d74a689224cf118/,Fixed-price,Less than 5,"['Automation', 'Selenium', 'Python']","
        $20
      "
43,Selenium/Python Finish code for automation social media bot,https://www.upwork.com/jobs/span-Selenium-span-Python-Finish-code-for-span-automation-span-social-media-bot_~01531cdfbb619622d5/,Fixed-price,10 to 15,"['Automation', 'Selenium', 'Python', 'Bot Development', 'Scripting', 'Data Extraction', 'Web Crawling', 'GUI Design']","
        $200
      "
44,Selenium Automation Builder,https://www.upwork.com/jobs/span-Selenium-span-span-Automation-span-Builder_~01c3183058e4737265/,Hourly,20 to 50,"['Selenium', 'Selenium WebDriver', 'Automation', 'Automated Testing']",$15-$30
45,Web scraping expert required to scrape three URLs (Python and PySpark),https://www.upwork.com/jobs/Web-scraping-expert-required-scrape-three-URLs-Python-and-PySpark_~012e703ff3671fd27b/,Hourly,20 to 50,"['Selenium', 'Web Scraping', 'Beautiful Soup', 'Data Scraping', 'Python', 'Data Extraction', 'Data Mining', 'Scrapy', 'PySpark']",$5-$25
46,Intermediate SpecFlow Selenium Automation Developer Required for a .Net environment (No Agency),https://www.upwork.com/jobs/Intermediate-SpecFlow-span-Selenium-span-span-Automation-span-Developer-Required-for-Net-environment-Agency_~01508c6797c929500a/,Hourly,10 to 15,"['Selenium', 'SpecFlow', 'C#']",$5-$45
47,Mobile automation expert,https://www.upwork.com/jobs/Mobile-span-automation-span-expert_~0102325ceb570b65d5/,Fixed-price,5 to 10,"['Selenium', 'Selenium WebDriver', 'Web Development', 'Android App Development', 'Appium', 'CMS Development']","
        $2,500
      "
48,Web scraping,https://www.upwork.com/jobs/Web-scraping_~0112c47e3b3cc58ef3/,Hourly,20 to 50,"['Automation', 'Data Scraping', 'Python', 'Data Mining', 'Data Extraction']",$30-$45
49,Testing python API,https://www.upwork.com/jobs/Testing-python-API_~01875b49bee747c2aa/,Fixed-price,10 to 15,"['Python', 'API Development', 'API Testing', 'Unit Testing', 'Postman']","
        $20
      "
50,FInish python bot,https://www.upwork.com/jobs/FInish-python-bot_~01e55be45fb845ff34/,Fixed-price,5 to 10,"['Automation', 'Selenium', 'Python', 'Data Scraping', 'Python Script', 'Bot Development']","
        $200
      "
51,Python Script fix ,https://www.upwork.com/jobs/Python-Script-fix_~012610cee232b52e2d/,Fixed-price,5 to 10,"['Automation', 'Selenium', 'Python', 'Scripting']","
        $100
      "
52,Fix my python script (web mouse movement and click macro uses background threads and proxies,https://www.upwork.com/jobs/Fix-python-script-web-mouse-movement-and-click-macro-uses-background-threads-and-proxies_~012d74a689224cf118/,Fixed-price,Less than 5,"['Automation', 'Selenium', 'Python']","
        $20
      "
53,Selenium/Python Finish code for automation social media bot,https://www.upwork.com/jobs/span-Selenium-span-Python-Finish-code-for-span-automation-span-social-media-bot_~01531cdfbb619622d5/,Fixed-price,10 to 15,"['Automation', 'Selenium', 'Python', 'Bot Development', 'Scripting', 'Data Extraction', 'Web Crawling', 'GUI Design']","
        $200
      "
54,Selenium Automation Builder,https://www.upwork.com/jobs/span-Selenium-span-span-Automation-span-Builder_~01c3183058e4737265/,Hourly,20 to 50,"['Selenium', 'Selenium WebDriver', 'Automation', 'Automated Testing']",$15-$30
55,Web scraping expert required to scrape three URLs (Python and PySpark),https://www.upwork.com/jobs/Web-scraping-expert-required-scrape-three-URLs-Python-and-PySpark_~012e703ff3671fd27b/,Hourly,20 to 50,"['Selenium', 'Web Scraping', 'Beautiful Soup', 'Data Scraping', 'Python', 'Data Extraction', 'Data Mining', 'Scrapy', 'PySpark']",$5-$25
56,Intermediate SpecFlow Selenium Automation Developer Required for a .Net environment (No Agency),https://www.upwork.com/jobs/Intermediate-SpecFlow-span-Selenium-span-span-Automation-span-Developer-Required-for-Net-environment-Agency_~01508c6797c929500a/,Hourly,10 to 15,"['Selenium', 'SpecFlow', 'C#']",$5-$45
57,Mobile automation expert,https://www.upwork.com/jobs/Mobile-span-automation-span-expert_~0102325ceb570b65d5/,Fixed-price,5 to 10,"['Selenium', 'Selenium WebDriver', 'Web Development', 'Android App Development', 'Appium', 'CMS Development']","
        $2,500
      "
58,Web scraping,https://www.upwork.com/jobs/Web-scraping_~0112c47e3b3cc58ef3/,Hourly,20 to 50,"['Automation', 'Data Scraping', 'Python', 'Data Mining', 'Data Extraction']",$30-$45
59,Testing python API,https://www.upwork.com/jobs/Testing-python-API_~01875b49bee747c2aa/,Fixed-price,10 to 15,"['Python', 'API Development', 'API Testing', 'Unit Testing', 'Postman']","
        $20
      "
60,Selenium QA,https://www.upwork.com/jobs/span-Selenium-span_~0134c9f404ba6b26e7/,Fixed-price,50+,"['Selenium', 'Automated Testing', 'Software QA']","
        $200
      "
61,Need support in UI automation using Selenium,https://www.upwork.com/jobs/Need-support-span-automation-span-using-span-Selenium-span_~017368c7dbff72febf/,Hourly,20 to 50,"['Selenium', 'C#']",$8-$15
62,"QA Automation -CI/CD Jmeter, Selenium, PHP Unit and Manual Testing",https://www.upwork.com/jobs/span-Automation-span-Jmeter-span-Selenium-span-PHP-Unit-and-Manual-Testing_~013441728de40c209c/,Hourly,50+,"['Selenium', 'Regression Testing', 'Apache JMeter', 'Bug Tracking & Reports', 'CI/CD', 'Automated Testing', 'Web Testing', 'PHPUnit', 'Manual Testing']",$15-$22
63,Data Scraping,https://www.upwork.com/jobs/Data-Scraping_~012368279a1e770e47/,Fixed-price,10 to 15,"['Browser Automation', 'Selenium', 'Beautiful Soup', 'Microsoft Excel', 'Python', 'Data Extraction', 'Data Scraping', 'Web Crawling', 'Data Mining', 'Data Entry']","
        $125
      "
64,SpecFlow Automation Developer Required for a website (No Agency),https://www.upwork.com/jobs/SpecFlow-span-Automation-span-Developer-Required-for-website-Agency_~019d58d4327207fb5b/,Hourly,5 to 10,"['Selenium', 'SpecFlow']",$5-$15
65,Python Developer who can implement Multiprocessing and a GUI,https://www.upwork.com/jobs/Python-Developer-who-can-implement-Multiprocessing-and-GUI_~01bac521b8afdec819/,Fixed-price,10 to 15,"['Selenium', 'Selenium WebDriver', 'Automation', 'Scrapy', 'Web Application', 'Python', 'API', 'Django']","
        $200
      "
66,QA Test and Automation ,https://www.upwork.com/jobs/Test-and-span-Automation-span_~0111c3a4c8da4d2dba/,Hourly,20 to 50,"['Test Automation Framework', 'Selenium', 'Automated Testing', 'API Testing', 'Regression Test Script', 'Test Design', 'Performance Testing', 'Appium', 'Integration Testing']",$22-$33
67,One Selenium Question,https://www.upwork.com/jobs/One-span-Selenium-span-Question_~01abdae622d51d29f8/,Hourly,10 to 15,"['Selenium', 'Automation', 'Selenium WebDriver', 'SQL', 'Data Scraping', 'Python', 'API Integration', 'Data Extraction', 'Web Scraping', 'Data Entry', 'Python Script', 'Web Crawler', 'API', 'Web Crawling']",unknown
68,Remote part time corporate IT trainer,https://www.upwork.com/jobs/Remote-part-time-corporate-trainer_~0113eb18d9e6248318/,Fixed-price,Less than 5,['Training'],"
        $300
      "
69,Automatic clicks to book ,https://www.upwork.com/jobs/Automatic-clicks-book_~01c11dcd4a5ad56e22/,Fixed-price,10 to 15,"['Automation', 'Selenium', 'Python', 'Zapier', 'Java']","
        $20
      "
70,Looking for RPA developer,https://www.upwork.com/jobs/Looking-for-RPA-developer_~01cc9cd8801ad10388/,Hourly,20 to 50,"['Robotic Process Automation', 'Automation', 'Selenium', 'UiPath', 'Python', 'API']",$15-$20
71,Twitter Bot for Personal Profile,https://www.upwork.com/jobs/Twitter-Bot-for-Personal-Profile_~016b3357d82d648d26/,Hourly,10 to 15,"['Automation', 'Selenium WebDriver', 'Data Scraping', 'PostgreSQL', 'Twitter', 'Twitter API', 'JavaScript', 'Python', 'RESTful API', 'Node.js', 'API Integration', 'Telegram API', 'API', 'ExpressJS', 'Bot Development']",unknown
72,QA Automation engineer,https://www.upwork.com/jobs/span-Automation-span-engineer_~019aa849e58563ab94/,Hourly,50+,"['Test Automation Framework', 'QA Engineering', 'Bug Tracking & Reports', 'Quality Control', 'Release Notes', 'MongoDB', 'Business with 10-99 Employees', 'Automated Testing', 'Software QA']",$22-$33
73,Finish code for automation social media bot,https://www.upwork.com/jobs/Finish-code-for-span-automation-span-social-media-bot_~015e055226dbd72f96/,Fixed-price,10 to 15,"['Automation', 'Selenium', 'Python', 'Bot Development', 'Java', 'API', 'Scripting', 'API Development', 'Data Extraction', 'Web Crawling']","
        $200
      "
74,I need a Python Developer,https://www.upwork.com/jobs/need-Python-Developer_~01764ae4150b770273/,Fixed-price,20 to 50,"['API Integration', 'Data Extraction', 'Data Mining', 'Dashboard', 'Web Crawling', 'Beautiful Soup', 'Python', 'Web Development', 'Python Script', 'API']","
        $500
      "
75,Automated trading bot based of alerts ðŸš¨ ,https://www.upwork.com/jobs/span-Automated-span-trading-bot-based-alerts_~01b1b09941022f7a60/,Hourly,15 to 20,"['Selenium', 'Automation', 'Trading Automation', 'Data Mining', 'Financial Trading', 'Data Scraping', 'Scripting', 'Ethereum', 'Web Crawling', 'API', 'Blockchain', 'SQL', 'Python']",unknown
76,Sr. QA Automation Engineer ,https://www.upwork.com/jobs/span-Automation-span-Engineer_~01703daa2daf5cf709/,Hourly,20 to 50,"['Java', 'WebdriverIO', 'TestNG', 'Automated Testing', 'Postman', 'API Testing', 'Manual Testing', 'CI/CD', 'Regression Testing', 'Security Testing', 'GitHub', 'CircleCI', 'Web Testing', 'Cypress']",unknown
77,Python automation tool,https://www.upwork.com/jobs/Python-span-automation-span-tool_~01b8a5c42fef381c46/,Fixed-price,10 to 15,"['Automation', 'Selenium', 'Python', 'API', 'Python Script', 'API Development', 'Data Scraping']","
        $25
      "
78,Use a python bittorent library to test tracker,https://www.upwork.com/jobs/Use-python-bittorent-library-test-tracker_~01443f5bd2c6d68c09/,Fixed-price,Less than 5,"['Automation', 'Python', 'Linux']","
        $10
      "
79,Google Sites to Sharepoint migration,https://www.upwork.com/jobs/Google-Sites-Sharepoint-migration_~0103498af9953f76b8/,Fixed-price,15 to 20,"['Selenium', 'Web Crawling', 'Scripting', 'Office 365', 'Microsoft SharePoint Administration', 'Microsoft Sharepoint', 'Google Sites', 'Google Sites API']","
        $1,000
      "
80,Web Scraping Website,https://www.upwork.com/jobs/Web-Scraping-Website_~01b3e36c3310fc314c/,Hourly,5 to 10,"['Browser Automation', 'Selenium', 'Beautiful Soup', 'Microsoft Excel', 'Python', 'Data Extraction', 'Data Scraping', 'Web Crawling', 'Data Mining', 'Data Entry']",unknown
81,Mobile and Web tester ( senor data over BT to mobile - data converted sent to Azure webapp),https://www.upwork.com/jobs/Mobile-and-Web-tester-senor-data-over-mobile-data-converted-sent-Azure-webapp_~01b3fad66c2bf74c6f/,Hourly,15 to 20,"['Automation', 'Selenium', 'Software QA', 'Performance Testing', 'Game Testing', 'Cross-Browser Testing', 'UX & UI', 'Usability Testing', 'QA Engineering', 'Python', 'Web Testing', 'Load Testing']",unknown
82,Automating RPA Python Windows,https://www.upwork.com/jobs/span-Automating-span-RPA-Python-Windows_~01a875a3ee7383fdbe/,Hourly,Less than 5,"['Automation', 'Selenium', 'Robotic Process Automation', 'Test Automation Framework', 'Python', 'UiPath', 'Data Scraping', 'Scripting']",$32-$70
83,QA Test,https://www.upwork.com/jobs/Test_~016d63026e2c4315ec/,Hourly,5 to 10,"['Selenium', 'QA Management', 'Software QA', 'Quality Assurance', 'QA Software & Testing Tools', 'QA Testing', 'Bug Reports', 'End-to-End Testing', 'Regression Testing', 'Smoke Testing', 'Integration Testing', 'Automated Testing', 'Game Testing', 'Test Plan', 'Test Results & Analysis']",unknown
84,[URGENT] Need GUI for a Python Script,https://www.upwork.com/jobs/URGENT-Need-GUI-for-Python-Script_~019c6e3761432b425e/,Fixed-price,20 to 50,"['Automation', 'Selenium', 'UI/UX Prototyping', 'Python', 'Data Scraping', 'Django']","
        $100
      "
85,Consulting / Advisor role  for UiPath to build Automation,https://www.upwork.com/jobs/Consulting-Advisor-role-for-UiPath-build-span-Automation-span_~01f115e25bfe04e3ab/,Hourly,20 to 50,"['Microsoft Power Automate', 'Selenium WebDriver', 'Business Process Automation', 'Automation', 'Python', 'UiPath', 'Data Extraction', 'Python Script', 'Data Scraping', 'Bot Development', 'Robotic Process Automation', 'Automated Testing', 'Selenium', 'Web Testing']",unknown
86,Chrome Browser Bot Developer for LinkedIn Sales Navigator [IOS] | One-click bot ,https://www.upwork.com/jobs/Chrome-Browser-Bot-Developer-for-LinkedIn-Sales-Navigator-IOS-One-click-bot_~01f83e64a7e96e8f0e/,Fixed-price,5 to 10,"['Automation', 'Selenium', 'Data Scraping']","
        $70
      "
87,reCaptcha solver,https://www.upwork.com/jobs/reCaptcha-solver_~0182e1584b19389513/,Fixed-price,15 to 20,"['Selenium', 'Python']","
        $150
      "
88,Automate pinescript strategy,https://www.upwork.com/jobs/span-Automate-span-pinescript-strategy_~018a8823daf2d8c269/,Hourly,20 to 50,"['Trading Automation', 'Browser Automation', 'Selenium', 'Automation', 'Cryptocurrency', 'Telegram API', 'Trading Strategy', 'Discord Bot Development', 'Telegram', 'Bot Development', 'Strategy', 'Python Script', 'Scripting', 'Python']",unknown
89,Python Selenium Browser automation with Nested Loops,https://www.upwork.com/jobs/Python-span-Selenium-span-Browser-span-automation-span-with-Nested-Loops_~0120d3f6fddcb546bb/,Hourly,15 to 20,"['Python', 'Android', 'Web Design']",unknown
90,Make automation bot for Truth Social,https://www.upwork.com/jobs/Make-span-automation-span-bot-for-Truth-Social_~018d2d368fb058573d/,Fixed-price,Less than 5,"['Selenium', 'Bot Development', 'Python', 'API']","
        $500
      "
91,Hiring Selenium QA Engineers with Python Expertise,https://www.upwork.com/jobs/Hiring-span-Selenium-span-Engineers-with-Python-Expertise_~013fb8ac6beeb386c7/,Hourly,10 to 15,"['Selenium', 'Selenium WebDriver', 'Test Automation Framework', 'Python', 'Automated Testing', 'Software Testing', 'Software QA', 'Web Testing']",unknown
92,Need a NodeJS / Selenium webscrapper ,https://www.upwork.com/jobs/Need-NodeJS-span-Selenium-span-webscrapper_~01631b8de5eab77ae9/,Fixed-price,5 to 10,"['Selenium', 'Selenium WebDriver', 'Node.js', 'JavaScript', 'Data Scraping']","
        $50
      "
93,"Machine Learning professional required for a Healthcare Automation Project (PyPDF2, Selenium, NLP)",https://www.upwork.com/jobs/Machine-Learning-professional-required-for-Healthcare-span-Automation-span-Project-PyPDF2-span-Selenium-span-NLP_~01ade7c40fab6dc1c2/,Fixed-price,10 to 15,"['Selenium', 'Python', 'Machine Learning', 'Natural Language Processing', 'Artificial Intelligence']","
        $100
      "
94,Selenium undetected chrome expert needed python,https://www.upwork.com/jobs/span-Selenium-span-undetected-chrome-expert-needed-python_~011f47ed79dd58d56d/,Fixed-price,5 to 10,"['Selenium', 'Automation', 'Data Scraping', 'Bot Development', 'Web Crawling']","
        $500
      "
95,Build a bot on a website to click few buttons if certain conditions are met,https://www.upwork.com/jobs/Build-bot-website-click-few-buttons-certain-conditions-are-met_~01c1b38a27fc150e9b/,Fixed-price,20 to 50,"['Automation', 'Selenium', 'Scripting', 'Web Crawling', 'Beautiful Soup', 'Python', 'HTML', 'HTML5']","
        $150
      "
96,Twilio expert to send 300k phone messages,https://www.upwork.com/jobs/Twilio-expert-send-300k-phone-messages_~0131432a5244a84e0c/,Hourly,15 to 20,"['Selenium', 'Beautiful Soup', 'Scrapy', 'Twilio API', 'SMS', 'Lead Generation']",unknown
97,PHP and Wordpress plug-in expert needed,https://www.upwork.com/jobs/PHP-and-Wordpress-plug-expert-needed_~016b4ad1442b13f6df/,Hourly,Less than 5,"['Automation', 'Selenium', 'WordPress', 'Bot Development', 'Web Crawling', 'HTML', 'Data Extraction', 'API', 'Python', 'Data Scraping', 'PHP', 'Golang', 'Beautiful Soup', 'JavaScript']",$10-$15
98,Create an automated python selenium script to run a webpage,https://www.upwork.com/jobs/Create-span-automated-span-python-span-selenium-span-script-run-webpage_~01dbb4705b676a8c70/,Fixed-price,10 to 15,"['Selenium', 'Automation', 'Selenium WebDriver', 'Python', 'Data Scraping']","
        $200
      "
99,QA Engineer,https://www.upwork.com/jobs/Engineer_~010a66bc8772cb4298/,Hourly,20 to 50,"['Cypress', 'JavaScript', 'TypeScript']",$6-$8
